00.000,04.480,42.210,65.037,75.595,85.235,91.067,94.595,96.730,98.022,98.803,99.276,99.562,99.735,99.840
00.000,03.422,41.826,65.911,75.469,81.566,89.350,92.989,95.124,96.415,97.197,97.669,97.955,98.128,98.233
00.000,04.322,26.573,64.904,74.459,80.313,87.736,91.544,93.679,94.970,95.752,96.224,96.510,96.683,96.788
00.000,10.661,26.950,46.925,73.510,79.230,86.204,90.149,92.284,93.576,94.357,94.830,95.116,95.289,95.393
00.000,11.966,27.596,45.643,72.364,78.084,84.981,88.908,91.043,92.334,93.116,93.588,93.874,94.047,94.152
00.000,17.462,28.202,46.632,65.781,77.016,83.471,87.533,89.668,90.959,91.741,92.213,92.499,92.672,92.777
00.000,18.153,28.892,47.757,66.209,76.656,83.583,87.621,89.756,91.047,91.829,92.301,92.587,92.760,92.865
00.000,01.345,28.046,46.501,65.589,74.820,82.066,86.110,88.248,89.539,90.321,90.794,91.080,91.253,91.357
00.000,-01.15,27.242,46.477,58.085,73.124,80.639,84.732,86.897,88.191,88.972,89.445,89.731,89.904,90.009
00.000,-01.68,30.444,47.558,57.807,64.998,76.154,83.170,85.576,86.890,87.671,88.144,88.430,88.603,88.708
00.000,01.585,32.005,48.666,58.748,64.847,69.051,82.018,84.419,85.732,86.513,86.986,87.272,87.445,87.550
00.000,01.686,32.992,49.653,59.735,65.835,70.058,74.072,82.762,84.449,85.230,85.703,85.989,86.162,86.267
00.000,07.366,34.115,50.776,60.858,66.958,71.117,74.930,82.593,84.618,85.400,85.872,86.158,86.331,86.436
00.000,03.959,32.841,49.505,59.587,65.687,69.934,73.968,80.993,83.202,83.983,84.456,84.742,84.915,85.019
00.000,01.640,31.694,48.386,58.469,64.569,68.806,73.018,79.473,81.941,82.723,83.196,83.482,83.655,83.759
00.000,00.181,26.945,47.301,57.392,63.492,67.728,72.080,78.044,80.727,81.508,81.981,82.267,82.440,82.544
00.000,07.595,27.571,45.558,56.434,63.710,68.244,71.116,73.037,79.645,80.427,80.900,81.186,81.359,81.463
00.000,17.452,28.178,46.545,57.855,64.697,69.246,72.122,74.047,75.265,78.973,79.702,79.988,80.161,80.266
00.000,18.070,28.868,47.668,58.978,65.820,70.331,73.189,75.091,76.307,79.467,80.280,80.569,80.742,80.847
00.000,12.633,28.036,46.397,57.707,64.549,69.133,72.006,73.921,75.148,78.013,78.942,79.232,79.405,79.509
00.000,11.032,27.344,45.279,56.589,63.431,68.009,70.880,72.809,74.047,76.653,77.759,78.048,78.222,78.326
00.000,08.533,26.683,44.203,55.512,62.354,66.933,69.803,71.745,72.991,75.370,76.618,76.909,77.082,77.186
00.000,02.574,26.095,43.244,54.554,61.396,65.961,68.826,70.763,72.007,74.365,75.603,75.894,76.067,76.172
00.000,-02.06,25.443,42.183,53.493,60.335,64.883,67.744,69.676,70.945,73.104,74.479,74.771,74.944,75.048
00.000,00.000,00.000,00.000,00.000,00.000,00.000,00.000,00.000,00.000,00.000,00.000,00.000,00.000,00.000
00.000,-00.69,49.006,67.345,76.765,82.462,85.910,90.478,92.613,93.905,94.686,95.159,95.445,95.618,95.723
00.000,03.921,28.342,66.334,75.767,81.467,84.914,90.182,92.317,93.608,94.390,94.862,95.148,95.321,95.426
00.000,04.140,26.573,65.173,74.696,80.399,83.846,89.048,91.183,92.474,93.256,93.728,94.014,94.187,94.292
00.000,00.000,00.000,00.000,00.000,00.000,00.000,00.000,00.000,00.000,00.000,00.000,00.000,00.000,00.000
00.000,16.856,27.596,45.643,71.691,77.539,80.987,86.324,88.459,89.751,90.532,91.005,91.291,91.464,91.568
00.000,00.000,00.000,00.000,00.000,00.000,00.000,00.000,00.000,00.000,00.000,00.000,00.000,00.000,00.000
00.000,-00.20,26.177,44.452,69.941,75.908,79.363,83.667,85.831,87.125,87.907,88.379,88.665,88.838,88.943
00.000,-01.26,25.653,45.514,68.129,75.013,78.487,83.219,85.602,86.913,87.694,88.167,88.453,88.626,88.731
00.000,-02.05,25.467,46.477,58.085,74.106,77.564,79.997,84.390,85.861,86.643,87.116,87.402,87.575,87.679
00.000,00.000,00.000,00.000,00.000,00.000,00.000,00.000,00.000,00.000,00.000,00.000,00.000,00.000,00.000
00.000,01.090,32.005,48.666,58.748,64.847,69.744,75.812,78.582,83.321,84.103,84.576,84.862,85.035,85.139
00.000,00.000,00.000,00.000,00.000,00.000,00.000,00.000,00.000,00.000,00.000,00.000,00.000,00.000,00.000
00.000,-05.06,30.628,47.321,57.404,63.503,68.618,74.848,77.093,80.876,81.657,82.130,82.416,82.589,82.694
00.000,-04.37,30.347,47.303,57.394,63.493,67.816,73.881,76.049,80.741,81.523,81.996,82.282,82.455,82.559
00.000,-00.83,26.761,46.380,56.540,62.639,67.028,72.940,75.196,79.766,80.547,81.020,81.306,81.479,81.584
00.000,00.000,00.000,00.000,00.000,00.000,00.000,00.000,00.000,00.000,00.000,00.000,00.000,00.000,00.000
00.000,16.909,27.571,45.558,56.867,63.710,68.674,71.738,73.878,75.131,75.844,78.649,78.935,79.108,79.213
00.000,00.000,00.000,00.000,00.000,00.000,00.000,00.000,00.000,00.000,00.000,00.000,00.000,00.000,00.000
00.000,01.184,26.279,44.214,55.523,62.365,67.646,70.681,72.734,74.070,74.798,76.693,76.983,77.156,77.261
00.000,01.785,26.643,44.204,55.513,62.355,67.003,69.890,71.968,73.311,74.041,76.626,76.916,77.089,77.194
00.000,-08.45,26.155,43.350,54.659,61.502,66.207,69.109,71.191,72.517,73.248,75.716,76.007,76.180,76.284
00.000,00.000,00.000,00.000,00.000,00.000,00.000,00.000,00.000,00.000,00.000,00.000,00.000,00.000,00.000
00.000,-02.31,24.871,41.250,52.560,59.402,63.936,66.793,68.719,70.215,70.930,73.491,73.783,73.956,74.061
00.000,07.152,55.654,71.324,80.741,86.439,89.886,91.974,93.237,94.001,94.464,94.743,94.915,95.018,95.080
00.000,06.024,53.950,69.885,79.303,85.001,88.448,90.782,92.133,92.951,93.445,93.744,94.138,94.304,94.404
00.000,03.860,49.440,67.541,76.966,82.666,86.113,88.714,90.137,90.998,92.108,92.563,92.859,93.032,93.136
00.000,01.578,28.534,66.203,75.737,81.442,84.889,87.699,89.976,91.220,92.037,92.508,92.795,92.968,93.072
00.000,00.000,00.000,00.000,00.000,00.000,00.000,00.000,00.000,00.000,00.000,00.000,00.000,00.000,00.000
00.000,07.366,27.072,52.624,72.829,78.679,82.127,84.223,87.189,88.552,89.335,89.808,90.094,90.267,90.372
00.000,01.991,27.690,53.238,73.681,79.538,82.987,85.085,86.556,88.514,89.310,89.782,90.068,90.241,90.346
00.000,-00.22,26.971,52.318,72.495,78.352,81.804,83.929,85.550,87.320,88.122,88.595,88.881,89.054,89.158
00.000,-01.09,24.708,49.936,70.252,76.122,79.600,81.981,83.645,85.276,86.079,86.550,86.836,87.008,87.113
00.000,-01.61,24.162,46.007,69.206,75.089,78.545,80.698,82.761,84.778,85.562,86.034,86.320,86.493,86.598
00.000,00.000,00.000,00.000,00.000,00.000,00.000,00.000,00.000,00.000,00.000,00.000,00.000,00.000,00.000
00.000,01.247,28.430,47.778,58.009,66.083,70.765,76.903,79.649,80.467,82.987,83.467,83.799,83.973,84.078
00.000,03.270,30.014,48.484,59.929,67.339,71.909,77.859,80.454,81.441,82.965,83.510,84.213,84.392,84.497
00.000,-04.20,29.339,46.570,59.418,66.353,70.937,77.246,79.485,80.699,81.324,82.421,83.082,83.262,83.367
00.000,-04.53,28.842,46.340,57.352,64.302,68.853,75.440,77.061,78.883,79.512,80.472,81.095,81.277,81.382
00.000,-01.29,26.408,45.749,56.481,63.339,67.880,74.616,76.115,77.359,79.482,80.008,80.331,80.505,80.610
00.000,00.000,00.000,00.000,00.000,00.000,00.000,00.000,00.000,00.000,00.000,00.000,00.000,00.000,00.000
00.000,09.057,27.034,44.764,57.285,64.951,69.683,72.755,74.898,76.154,76.865,77.675,78.023,78.308,78.427
00.000,02.389,27.541,46.227,58.550,66.207,70.912,73.948,76.034,77.318,78.045,78.665,79.056,79.315,79.438
00.000,01.018,26.850,45.150,57.454,65.227,69.934,72.995,75.048,76.387,77.113,77.568,78.020,78.268,78.390
00.000,-01.02,25.006,43.229,55.514,63.174,67.873,70.910,72.982,74.317,75.045,75.481,76.119,76.358,76.479
00.000,-09.87,24.367,42.493,53.909,62.211,66.914,70.019,72.081,73.408,74.138,74.570,75.126,75.509,75.630
00.000,00.000,00.000,00.000,00.000,00.000,00.000,00.000,00.000,00.000,00.000,00.000,00.000,00.000,00.000
00.000,-02.87,24.306,40.329,51.639,58.481,64.695,67.726,69.919,71.176,71.889,72.299,72.808,72.981,73.086
00.000,07.262,55.265,70.836,80.253,85.951,89.398,91.487,92.750,93.514,93.976,94.256,94.428,94.531,94.593
00.000,06.338,55.178,70.790,80.208,85.905,89.353,91.468,92.741,93.511,93.977,94.258,94.455,94.565,94.631
00.000,05.245,53.411,69.331,78.797,84.514,87.961,90.125,91.413,92.192,92.724,93.024,93.229,93.345,93.416
00.000,00.737,48.850,66.020,76.462,82.205,85.652,87.874,89.259,90.084,90.641,90.957,91.168,91.289,91.363
00.000,00.000,00.000,00.000,00.000,00.000,00.000,00.000,00.000,00.000,00.000,00.000,00.000,00.000,00.000
00.000,00.496,26.535,63.506,73.875,79.726,83.173,85.270,86.538,87.306,88.155,88.628,88.914,89.087,89.192
00.000,00.412,27.007,62.602,73.786,79.645,83.095,85.189,86.460,87.238,88.147,88.619,88.905,89.078,89.183
00.000,01.413,26.987,61.613,73.775,79.632,83.082,85.179,86.488,87.375,88.262,88.735,89.021,89.194,89.299
00.000,03.124,26.474,53.534,72.434,78.306,81.759,83.885,85.228,86.183,87.031,87.494,87.775,87.944,88.047
00.000,-04.20,24.486,50.093,70.182,76.069,79.522,81.648,83.057,84.107,84.922,85.377,85.653,85.820,85.921
00.000,00.000,00.000,00.000,00.000,00.000,00.000,00.000,00.000,00.000,00.000,00.000,00.000,00.000,00.000
00.000,05.750,29.158,46.186,57.315,65.398,70.907,79.172,80.629,81.426,81.941,82.252,82.745,82.919,83.024
00.000,05.874,29.906,47.099,59.533,66.442,71.142,77.737,80.610,81.436,81.942,82.253,83.114,83.295,83.399
00.000,02.977,30.187,48.625,60.621,67.507,72.113,78.488,80.746,81.918,82.433,82.798,83.538,83.733,83.838
00.000,02.665,31.211,48.565,59.398,66.353,70.993,77.586,79.137,80.699,81.228,81.655,82.359,82.555,82.660
00.000,-01.98,29.038,46.636,57.344,64.174,68.927,75.557,77.033,78.211,79.188,79.621,80.266,80.463,80.568
00.000,00.000,00.000,00.000,00.000,00.000,00.000,00.000,00.000,00.000,00.000,00.000,00.000,00.000,00.000
00.000,04.113,26.386,43.944,55.582,64.272,69.034,72.473,75.094,76.144,76.720,77.096,77.528,77.792,77.897
00.000,03.560,25.936,45.123,57.461,65.328,70.063,73.220,75.278,76.670,77.375,77.820,78.193,78.440,78.568
00.000,01.159,26.676,45.320,58.654,66.383,71.094,74.170,76.219,77.569,78.293,78.730,79.098,79.342,79.473
00.000,-10.11,25.788,44.248,57.525,65.230,69.937,73.001,75.058,76.397,77.123,77.558,77.949,78.192,78.323
00.000,-12.78,22.094,42.259,55.388,63.062,67.843,70.903,72.967,74.297,75.024,75.457,75.859,76.116,76.246
00.000,00.000,00.000,00.000,00.000,00.000,00.000,00.000,00.000,00.000,00.000,00.000,00.000,00.000,00.000
00.000,-02.93,23.747,39.419,50.729,60.940,65.654,68.693,70.890,72.149,72.860,73.270,73.614,73.861,73.995
00.000,16.545,56.521,72.087,81.505,87.202,90.649,92.735,93.997,94.760,95.222,95.501,95.670,95.773,95.835
00.000,00.000,00.000,00.000,00.000,00.000,00.000,00.000,00.000,00.000,00.000,00.000,00.000,00.000,00.000
00.000,05.842,53.051,69.261,79.162,85.056,88.503,90.626,91.901,92.673,93.169,93.460,93.646,93.756,93.822
00.000,04.866,51.549,68.004,77.790,83.775,87.222,89.351,90.636,91.413,91.912,92.204,92.391,92.501,92.568
00.000,03.539,49.295,65.885,75.638,81.594,85.042,87.166,88.449,89.224,89.719,90.010,90.196,90.306,90.372
00.000,00.590,44.457,64.773,75.051,80.903,84.350,86.447,87.716,88.483,88.955,89.238,89.412,89.517,89.580
00.000,00.360,32.264,63.756,74.941,80.803,84.253,86.347,87.613,88.379,88.848,89.131,89.304,89.408,89.471
00.000,00.000,00.000,00.000,00.000,00.000,00.000,00.000,00.000,00.000,00.000,00.000,00.000,00.000,00.000
00.000,04.362,27.472,54.092,73.065,79.080,82.533,84.641,85.944,86.803,87.451,87.829,88.058,88.196,88.280
00.000,03.425,24.903,45.002,71.789,77.815,81.268,83.376,84.686,85.555,86.202,86.579,86.808,86.947,87.030
00.000,-00.49,27.569,45.092,55.650,75.677,79.131,81.237,82.542,83.401,84.029,84.398,84.622,84.758,84.840
00.000,05.877,29.977,47.038,57.606,64.431,77.438,80.446,81.725,82.519,83.036,83.347,83.536,83.674,83.757
00.000,06.393,30.913,48.000,58.510,65.209,70.923,80.393,81.683,82.471,82.976,83.280,83.466,83.583,83.653
00.000,00.000,00.000,00.000,00.000,00.000,00.000,00.000,00.000,00.000,00.000,00.000,00.000,00.000,00.000
00.000,03.304,32.586,49.795,60.511,67.350,72.477,78.809,80.273,81.444,81.995,82.397,82.972,83.183,83.285
00.000,-01.24,31.349,48.579,59.282,66.107,71.236,77.569,79.030,80.166,80.761,81.162,81.728,81.941,82.043
00.000,00.514,28.243,46.526,57.215,64.027,69.190,75.489,76.949,78.051,78.641,79.039,79.586,79.803,79.905
00.000,00.865,25.982,45.488,56.311,63.218,68.261,74.418,76.096,77.107,77.668,78.036,78.483,78.747,78.849
00.000,01.795,25.423,44.782,56.400,64.198,69.177,73.181,75.298,77.166,77.690,78.024,78.455,78.716,78.816
00.000,00.000,00.000,00.000,00.000,00.000,00.000,00.000,00.000,00.000,00.000,00.000,00.000,00.000,00.000
00.000,00.753,24.236,44.453,58.571,66.243,70.943,74.000,76.135,77.421,78.143,78.564,78.927,79.172,79.304
00.000,-07.77,23.486,43.370,57.317,64.997,69.709,72.763,74.898,76.184,76.906,77.327,77.690,77.936,78.068
00.000,-08.08,18.642,41.356,55.214,62.913,67.627,70.678,72.819,74.099,74.821,75.241,75.600,75.846,75.978
00.000,-03.44,20.305,38.833,53.942,61.908,66.625,69.673,71.872,73.134,73.844,74.254,74.601,74.849,74.982
00.000,30.256,57.783,73.349,82.767,88.464,91.911,93.997,95.258,96.022,96.484,96.763,96.932,97.034,97.096
00.000,06.093,55.435,71.004,80.421,86.119,89.566,91.651,92.913,93.676,94.138,94.418,94.587,94.689,94.751
00.000,05.027,52.200,69.787,79.252,84.970,88.417,90.506,91.769,92.533,92.999,93.279,93.450,93.553,93.615
00.000,05.052,52.084,69.609,79.103,84.845,88.292,90.385,91.650,92.416,92.884,93.166,93.338,93.442,93.504
00.000,03.614,50.612,68.101,77.615,83.374,86.821,88.917,90.183,90.950,91.420,91.702,91.876,91.980,92.043
00.000,03.218,32.596,66.498,76.172,82.011,85.458,87.553,88.819,89.585,90.055,90.338,90.511,90.615,90.678
00.000,01.496,31.705,66.031,76.106,81.972,85.422,87.515,88.781,89.547,90.017,90.299,90.471,90.575,90.638
00.000,-00.89,23.465,63.371,73.617,79.674,83.127,85.220,86.486,87.251,87.720,88.002,88.175,88.278,88.341
00.000,03.868,24.610,53.393,72.434,78.622,82.076,84.170,85.439,86.214,86.700,86.992,87.170,87.277,87.342
00.000,04.425,25.063,46.855,72.297,78.587,82.043,84.137,85.410,86.194,86.693,86.993,87.175,87.285,87.352
00.000,00.286,25.095,46.843,57.353,77.202,80.658,82.754,84.029,84.818,85.327,85.632,85.818,85.930,85.998
00.000,03.018,30.917,48.008,58.518,65.224,79.207,81.460,82.735,83.522,84.028,84.332,84.517,84.631,84.700
00.000,06.604,31.962,49.110,59.617,66.314,78.064,81.492,82.785,83.572,84.076,84.380,84.565,84.679,84.748
00.000,01.546,29.911,47.024,57.533,64.223,75.803,79.261,80.568,81.354,81.857,82.161,82.346,82.460,82.529
00.000,02.944,31.434,48.618,59.301,66.112,71.918,78.283,79.616,80.441,81.025,81.414,81.935,82.139,82.238
00.000,02.244,31.595,48.770,59.446,66.248,71.955,78.295,79.671,80.523,81.100,81.482,81.974,82.193,82.291
00.000,01.959,30.258,47.561,58.228,65.020,70.648,76.962,78.370,79.241,79.811,80.188,80.658,80.887,80.986
00.000,01.027,25.605,46.421,57.157,63.978,69.197,75.476,77.125,78.021,78.584,78.955,79.398,79.639,79.739
00.000,01.996,25.881,46.420,57.383,65.422,70.305,74.059,77.158,78.213,78.734,79.065,79.500,79.759,79.859
00.000,00.485,24.058,44.319,55.356,63.354,68.213,71.912,75.010,76.070,76.590,76.919,77.332,77.605,77.704
00.000,00.506,23.688,43.576,57.316,65.027,69.745,72.863,75.101,76.360,77.061,77.472,77.836,78.084,78.213
00.000,-01.44,24.224,43.479,57.293,65.122,69.874,72.976,75.201,76.462,77.165,77.576,77.935,78.183,78.313
00.000,-02.04,19.844,42.400,55.957,63.874,68.640,71.729,73.943,75.206,75.911,76.321,76.676,76.924,77.056
00.000,-01.32,21.379,40.515,54.700,62.681,67.441,70.539,72.749,74.012,74.717,75.127,75.476,75.724,75.857
00.000,32.877,58.041,73.607,83.024,88.722,92.169,94.254,95.516,96.280,96.741,97.021,97.190,97.292,97.354
00.000,26.437,56.333,71.922,81.340,87.037,90.484,92.570,93.832,94.595,95.057,95.336,95.505,95.608,95.670
00.000,-02.54,54.459,70.436,79.858,85.558,89.005,91.091,92.353,93.117,93.579,93.858,94.028,94.130,94.192
00.000,04.058,51.126,69.136,78.566,84.270,87.718,89.804,91.066,91.830,92.293,92.573,92.742,92.845,92.907
00.000,03.627,49.983,67.946,77.385,83.095,86.543,88.630,89.893,90.657,91.120,91.401,91.570,91.673,91.735
00.000,03.774,31.436,64.924,75.308,81.783,85.230,87.319,88.582,89.346,89.810,90.091,90.261,90.364,90.426
00.000,06.252,32.268,63.564,75.785,81.883,85.357,87.445,88.709,89.473,89.938,90.219,90.389,90.492,90.555
00.000,-00.51,30.361,61.024,72.703,80.329,83.799,85.889,87.152,87.917,88.382,88.663,88.834,88.937,88.999
00.000,-00.27,24.558,57.935,71.515,78.973,82.441,84.531,85.795,86.561,87.028,87.310,87.482,87.585,87.648
00.000,00.577,24.802,46.101,70.365,77.801,81.268,83.358,84.624,85.391,85.862,86.146,86.319,86.423,86.486
00.000,00.518,29.475,47.071,57.574,76.731,80.196,82.287,83.553,84.323,84.798,85.084,85.258,85.363,85.427
00.000,03.029,30.932,48.077,58.584,65.360,78.313,81.082,82.349,83.121,83.599,83.887,84.062,84.168,84.233
00.000,06.519,32.015,49.198,59.711,66.420,78.005,81.301,82.744,83.529,84.030,84.332,84.516,84.629,84.698
00.000,00.662,30.556,47.849,58.407,65.160,76.108,79.842,81.268,82.053,82.553,82.855,83.039,83.153,83.222
00.000,00.853,30.480,47.658,58.319,65.114,71.398,78.575,79.991,80.779,81.288,81.599,81.820,81.946,82.018
00.000,00.951,30.477,47.673,58.338,65.128,70.867,77.269,78.897,79.693,80.207,80.526,80.775,81.099,81.195
00.000,01.702,29.294,46.795,57.451,64.232,69.931,76.296,77.898,78.701,79.221,79.546,79.817,80.129,80.225
00.000,00.947,27.982,45.988,57.284,64.328,69.384,73.036,76.591,77.582,78.105,78.435,78.722,79.024,79.121
00.000,00.124,26.424,46.341,57.546,65.560,70.420,73.883,77.167,78.246,78.762,79.088,79.360,79.745,79.845
00.000,-01.38,23.744,44.777,56.509,64.398,69.184,72.584,75.712,76.837,77.353,77.680,77.964,78.334,78.434
00.000,-00.79,23.217,44.003,55.465,64.056,68.782,71.918,74.242,75.757,76.294,76.630,76.920,77.182,77.378
00.000,-01.17,24.289,43.240,54.632,63.987,68.755,71.852,74.084,75.371,76.057,76.459,76.807,77.056,77.194
00.000,-01.25,19.941,42.315,53.932,62.887,67.854,70.942,73.169,74.451,75.141,75.544,75.889,76.138,76.276
00.000,-01.23,22.456,41.192,53.190,61.834,66.614,69.904,72.126,73.403,74.097,74.500,74.842,75.090,75.228
00.000,00.000,00.000,00.000,00.000,00.000,00.000,00.000,00.000,00.000,00.000,00.000,00.000,00.000,00.000
00.000,01.713,53.645,69.441,78.860,84.557,88.005,90.090,91.352,92.115,92.577,92.857,93.026,93.128,93.190
00.000,-07.14,51.643,69.119,78.542,84.242,87.689,89.775,91.037,91.800,92.263,92.542,92.711,92.814,92.876
00.000,-09.40,50.100,68.057,77.487,83.191,86.638,88.724,89.987,90.750,91.213,91.493,91.662,91.765,91.827
00.000,00.000,00.000,00.000,00.000,00.000,00.000,00.000,00.000,00.000,00.000,00.000,00.000,00.000,00.000
00.000,03.629,31.323,48.579,74.139,80.605,84.052,86.140,87.403,88.167,88.632,88.912,89.082,89.185,89.247
00.000,00.000,00.000,00.000,00.000,00.000,00.000,00.000,00.000,00.000,00.000,00.000,00.000,00.000,00.000
00.000,-01.79,29.529,47.450,70.348,77.946,81.416,83.505,84.769,85.534,85.999,86.280,86.451,86.554,86.616
00.000,-02.01,24.351,46.631,70.172,77.738,81.206,83.296,84.560,85.326,85.793,86.075,86.247,86.350,86.413
00.000,-02.19,24.040,45.311,68.213,76.790,80.257,82.346,83.612,84.379,84.849,85.133,85.305,85.410,85.473
00.000,00.000,00.000,00.000,00.000,00.000,00.000,00.000,00.000,00.000,00.000,00.000,00.000,00.000,00.000
00.000,02.913,30.008,47.099,57.602,65.106,71.237,79.981,81.248,82.020,82.497,82.785,82.961,83.067,83.131
00.000,00.000,00.000,00.000,00.000,00.000,00.000,00.000,00.000,00.000,00.000,00.000,00.000,00.000,00.000
00.000,-00.04,27.205,45.778,56.797,64.080,69.995,77.541,78.966,79.751,80.251,80.554,80.743,80.859,80.929
00.000,00.690,29.291,46.596,57.285,64.117,70.282,77.393,78.828,79.616,80.123,80.435,80.654,80.796,80.870
00.000,00.874,29.496,46.689,57.347,64.133,69.891,76.343,77.948,78.742,79.255,79.573,79.817,80.119,80.213
00.000,00.000,00.000,00.000,00.000,00.000,00.000,00.000,00.000,00.000,00.000,00.000,00.000,00.000,00.000
00.000,-02.78,27.092,46.831,58.223,65.184,69.407,72.074,73.949,76.549,77.071,77.401,77.685,77.986,78.083
00.000,00.000,00.000,00.000,00.000,00.000,00.000,00.000,00.000,00.000,00.000,00.000,00.000,00.000,00.000
00.000,-01.62,27.423,45.642,57.169,64.139,68.370,71.089,73.039,74.626,75.145,75.472,75.754,76.111,76.221
00.000,-00.65,25.053,44.957,56.410,63.387,67.701,70.924,73.198,74.699,75.248,75.589,75.879,76.149,76.331
00.000,-00.49,25.863,44.206,55.577,62.602,67.752,70.854,73.088,74.396,75.069,75.464,75.802,76.053,76.196
00.000,00.000,00.000,00.000,00.000,00.000,00.000,00.000,00.000,00.000,00.000,00.000,00.000,00.000,00.000
00.000,-01.22,23.673,41.972,53.302,60.256,65.643,68.922,71.140,72.415,73.110,73.513,73.851,74.100,74.238
00.000,15.272,43.795,68.832,78.312,84.010,87.457,90.858,92.567,93.594,94.216,94.592,94.820,94.958,95.041
00.000,03.977,43.761,68.153,77.579,83.277,86.724,88.940,91.406,92.407,93.012,93.379,93.600,93.734,93.816
00.000,-08.23,42.474,66.870,76.294,81.994,85.441,87.540,88.922,90.342,90.935,91.293,91.510,91.641,91.721
00.000,-10.04,42.066,66.863,76.291,81.995,85.442,87.530,88.805,89.640,90.118,90.406,90.581,90.687,90.750
00.000,00.000,00.000,00.000,00.000,00.000,00.000,00.000,00.000,00.000,00.000,00.000,00.000,00.000,00.000
00.000,05.172,32.306,49.578,63.997,79.402,82.889,84.979,86.247,87.017,87.483,87.765,87.936,88.039,88.102
00.000,05.560,33.531,50.806,63.989,79.086,82.894,85.002,86.308,87.126,87.609,87.901,88.078,88.185,88.250
00.000,04.680,32.339,49.750,62.237,76.918,81.710,83.833,85.187,86.018,86.511,86.810,86.991,87.100,87.166
00.000,-02.34,29.793,47.668,61.204,75.587,79.187,81.811,83.195,84.035,84.536,84.839,85.023,85.134,85.201
00.000,-02.21,23.958,46.635,59.193,75.664,79.145,81.294,82.572,83.347,83.821,84.106,84.280,84.385,84.449
00.000,00.000,00.000,00.000,00.000,00.000,00.000,00.000,00.000,00.000,00.000,00.000,00.000,00.000,00.000
00.000,00.047,29.245,47.882,58.792,66.121,72.297,77.300,80.212,81.013,81.492,81.781,81.957,82.063,82.128
00.000,01.174,30.620,49.091,60.034,67.289,73.162,78.288,80.633,81.668,82.158,82.455,82.635,82.745,82.811
00.000,01.101,29.061,47.954,58.926,66.287,72.216,77.529,79.327,80.595,81.097,81.402,81.587,81.700,81.768
00.000,-00.52,27.369,44.904,57.025,64.211,70.216,75.697,77.453,78.653,79.165,79.476,79.668,79.786,79.856
00.000,-01.96,28.421,45.637,56.448,63.267,69.344,74.892,76.962,77.801,78.312,78.630,78.866,79.146,79.237
00.000,00.000,00.000,00.000,00.000,00.000,00.000,00.000,00.000,00.000,00.000,00.000,00.000,00.000,00.000
00.000,-02.84,29.719,47.821,59.230,66.192,70.415,73.088,74.970,76.379,77.027,77.417,77.659,77.831,77.924
00.000,03.726,31.111,49.046,60.461,67.421,71.644,74.292,76.161,77.459,78.127,78.521,78.759,78.919,79.012
00.000,00.216,29.870,47.916,59.470,66.440,70.660,73.324,75.240,76.438,77.118,77.515,77.751,77.901,77.993
00.000,-01.53,27.651,45.933,57.403,64.378,68.598,71.264,73.257,74.484,75.151,75.543,75.784,75.946,76.047
00.000,-00.44,26.904,45.071,56.445,63.480,67.701,70.426,72.430,73.660,74.330,74.723,74.973,75.142,75.288
00.000,00.000,00.000,00.000,00.000,00.000,00.000,00.000,00.000,00.000,00.000,00.000,00.000,00.000,00.000
00.000,-01.10,24.591,42.903,54.246,61.203,65.423,68.062,69.976,71.439,72.136,72.539,72.873,73.121,73.260
00.000,07.135,42.669,67.667,77.148,82.846,87.487,90.370,92.079,93.106,93.728,94.104,94.332,94.470,94.553
00.000,04.094,42.926,68.055,77.488,83.186,86.771,90.273,92.064,93.089,93.709,94.084,94.311,94.448,94.531
00.000,-08.65,41.856,66.854,76.288,81.987,85.647,88.923,90.682,91.747,92.364,92.738,92.964,93.100,93.183
00.000,-10.60,39.865,64.745,74.251,79.954,83.672,86.771,88.490,89.530,90.133,90.498,90.719,90.852,90.933
00.000,00.000,00.000,00.000,00.000,00.000,00.000,00.000,00.000,00.000,00.000,00.000,00.000,00.000,00.000
00.000,04.953,31.455,48.855,62.631,76.088,81.740,83.834,85.861,86.893,87.513,87.889,88.116,88.253,88.337
00.000,04.585,32.529,49.859,62.535,75.333,81.742,83.866,85.788,86.816,87.436,87.811,88.038,88.175,88.258
00.000,05.604,33.574,50.892,63.224,75.829,81.722,84.006,85.852,86.858,87.464,87.830,88.052,88.186,88.267
00.000,03.772,32.194,49.651,62.130,74.855,80.489,82.833,84.611,85.601,86.196,86.556,86.774,86.906,86.986
00.000,-09.59,28.728,47.494,59.980,73.010,77.246,80.770,82.483,83.453,84.037,84.391,84.605,84.734,84.812
00.000,00.000,00.000,00.000,00.000,00.000,00.000,00.000,00.000,00.000,00.000,00.000,00.000,00.000,00.000
00.000,-00.06,26.525,47.021,58.066,66.003,75.018,78.256,79.973,80.996,81.612,81.986,82.211,82.348,82.431
00.000,00.052,28.113,48.075,59.052,66.463,72.835,78.269,79.987,81.013,81.630,82.003,82.229,82.365,82.448
00.000,02.001,30.002,49.068,60.235,67.451,73.423,78.749,80.482,81.527,82.134,82.501,82.724,82.858,82.940
00.000,01.070,28.857,47.730,59.098,66.283,72.229,77.528,79.269,80.331,80.928,81.289,81.508,81.641,81.721
00.000,-04.94,26.552,43.956,57.059,64.184,70.114,75.398,77.177,78.216,78.805,79.162,79.383,79.530,79.612
00.000,00.000,00.000,00.000,00.000,00.000,00.000,00.000,00.000,00.000,00.000,00.000,00.000,00.000,00.000
00.000,-03.40,28.905,47.042,58.543,65.548,69.752,72.678,74.724,75.849,76.465,76.884,77.117,77.266,77.355
00.000,-02.71,30.017,48.055,59.575,66.568,70.778,73.503,75.483,76.666,77.340,77.737,77.972,78.119,78.209
00.000,00.033,30.142,49.188,60.627,67.600,71.819,74.490,76.410,77.593,78.274,78.673,78.908,79.055,79.146
00.000,-01.26,29.737,47.985,59.473,66.443,70.662,73.327,75.250,76.435,77.116,77.515,77.750,77.898,77.990
00.000,-00.27,27.767,45.932,57.309,64.355,68.575,71.241,73.167,74.355,75.036,75.434,75.671,75.820,75.918
00.000,00.000,00.000,00.000,00.000,00.000,00.000,00.000,00.000,00.000,00.000,00.000,00.000,00.000,00.000
00.000,-00.85,25.521,43.845,55.202,62.161,66.381,69.025,70.947,72.128,72.812,73.211,73.445,73.589,73.680
00.000,00.068,41.525,66.468,75.956,84.176,88.819,91.627,93.327,94.355,94.977,95.353,95.581,95.718,95.802
00.000,00.000,00.000,00.000,00.000,00.000,00.000,00.000,00.000,00.000,00.000,00.000,00.000,00.000,00.000
00.000,-10.31,41.842,66.807,76.246,81.949,86.473,89.304,91.204,92.249,92.868,93.243,93.470,93.607,93.690
00.000,-20.09,40.387,65.508,74.972,80.709,85.224,88.071,89.935,90.977,91.595,91.969,92.196,92.332,92.415
00.000,-22.11,30.126,63.090,72.702,78.482,83.067,85.903,87.751,88.792,89.410,89.785,90.011,90.148,90.231
00.000,-18.49,30.549,48.121,70.645,77.306,82.050,85.289,87.038,88.070,88.690,89.066,89.293,89.431,89.514
00.000,01.932,31.435,48.776,64.208,76.291,82.304,85.201,86.937,87.968,88.589,88.965,89.193,89.330,89.413
00.000,00.000,00.000,00.000,00.000,00.000,00.000,00.000,00.000,00.000,00.000,00.000,00.000,00.000,00.000
00.000,-03.67,31.467,49.808,62.911,75.284,81.002,83.576,85.304,86.312,86.920,87.287,87.510,87.644,87.726
00.000,-08.07,22.847,48.681,61.664,74.062,79.640,82.329,84.051,85.057,85.663,86.030,86.252,86.386,86.468
00.000,-08.51,16.278,46.616,59.541,71.888,77.489,80.188,81.904,82.913,83.520,83.888,84.110,84.245,84.326
00.000,00.017,18.035,46.192,57.414,70.410,76.371,79.345,81.064,82.086,82.703,83.076,83.302,83.439,83.521
00.000,00.087,17.664,46.983,57.986,65.990,76.448,79.302,81.020,82.044,82.662,83.036,83.262,83.399,83.482
00.000,00.000,00.000,00.000,00.000,00.000,00.000,00.000,00.000,00.000,00.000,00.000,00.000,00.000,00.000
00.000,-04.48,28.567,47.876,60.148,67.249,73.296,78.275,80.049,81.109,81.711,82.074,82.293,82.427,82.507
00.000,-04.58,23.097,46.584,58.921,66.015,72.050,77.033,78.809,79.867,80.468,80.830,81.050,81.185,81.266
00.000,-04.84,21.893,44.152,56.746,63.938,69.943,74.914,76.692,77.750,78.352,78.714,78.934,79.069,79.149
00.000,-04.56,27.451,46.100,57.680,64.850,68.979,73.839,75.657,76.776,77.383,77.751,77.972,78.107,78.188
00.000,-04.17,28.882,46.850,58.467,65.662,69.780,73.072,75.707,76.783,77.395,77.787,78.011,78.147,78.229
00.000,00.000,00.000,00.000,00.000,00.000,00.000,00.000,00.000,00.000,00.000,00.000,00.000,00.000,00.000
00.000,01.426,30.924,49.097,60.486,67.447,71.665,74.322,76.260,77.431,78.114,78.513,78.748,78.894,78.985
00.000,01.098,29.703,47.868,59.245,66.213,70.431,73.088,75.024,76.196,76.879,77.278,77.513,77.659,77.750
00.000,-00.23,27.613,45.802,57.167,64.132,68.350,71.004,72.938,74.109,74.792,75.192,75.427,75.572,75.663
00.000,-00.39,26.463,44.799,56.169,63.132,67.350,70.000,71.931,73.112,73.794,74.193,74.428,74.572,74.662
00.000,-07.53,41.431,66.823,77.400,85.438,90.080,92.889,94.588,95.616,96.238,96.615,96.842,96.980,97.063
00.000,-10.86,39.314,64.130,75.128,83.092,87.735,90.544,92.243,93.271,93.893,94.269,94.497,94.635,94.718
00.000,-10.78,38.715,65.441,75.059,81.017,86.567,89.377,91.096,92.126,92.748,93.124,93.351,93.489,93.572
00.000,-17.28,38.281,65.323,74.935,80.982,86.429,89.243,90.975,92.006,92.627,93.003,93.230,93.368,93.451
00.000,-15.41,30.878,62.654,73.443,79.588,84.951,87.765,89.506,90.538,91.159,91.535,91.762,91.900,91.983
00.000,-16.33,30.866,50.099,71.243,78.214,83.550,86.404,88.143,89.174,89.795,90.171,90.399,90.536,90.619
00.000,-03.05,31.470,50.502,64.497,78.131,83.511,86.370,88.106,89.137,89.758,90.134,90.361,90.499,90.582
00.000,-04.72,29.607,48.399,62.229,75.865,81.219,84.077,85.811,86.841,87.462,87.838,88.066,88.203,88.286
00.000,-04.48,23.670,48.770,61.887,74.346,80.209,83.038,84.768,85.796,86.416,86.791,87.018,87.156,87.239
00.000,-03.66,23.291,48.854,61.945,74.360,80.199,83.016,84.743,85.769,86.388,86.762,86.988,87.125,87.208
00.000,-04.11,16.947,47.594,60.622,73.014,78.834,81.641,83.365,84.389,85.007,85.380,85.607,85.743,85.826
00.000,-00.32,17.650,45.154,59.254,71.683,77.524,80.349,82.070,83.095,83.713,84.087,84.313,84.450,84.533
00.000,00.792,18.253,46.029,58.239,71.250,77.556,80.402,82.121,83.145,83.763,84.137,84.363,84.500,84.583
00.000,-06.91,16.512,44.451,56.749,64.437,75.316,78.187,79.904,80.929,81.547,81.920,82.147,82.283,82.366
00.000,-05.89,23.075,46.631,58.890,66.040,72.568,77.275,79.079,80.136,80.740,81.103,81.324,81.458,81.538
00.000,-02.96,23.462,46.774,59.041,66.178,72.606,77.361,79.154,80.209,80.814,81.178,81.399,81.533,81.614
00.000,-03.80,23.095,45.846,56.896,65.013,71.152,76.081,77.867,78.920,79.526,79.891,80.112,80.246,80.327
00.000,-04.27,29.170,46.932,58.510,65.681,69.796,74.710,76.624,77.692,78.300,78.665,78.887,79.021,79.102
00.000,-03.26,30.223,47.924,59.619,66.777,70.890,74.005,76.753,77.823,78.436,78.832,79.056,79.192,79.274
00.000,-06.07,27.542,45.879,57.550,64.685,68.799,71.873,74.607,75.679,76.297,76.690,76.914,77.050,77.132
00.000,00.211,29.681,47.864,59.270,66.246,70.454,73.150,75.167,76.327,77.004,77.402,77.636,77.781,77.870
00.000,00.267,29.817,48.006,59.405,66.375,70.585,73.271,75.271,76.432,77.111,77.509,77.743,77.888,77.978
00.000,-00.91,28.329,46.794,58.176,65.142,69.354,72.031,74.017,75.178,75.858,76.257,76.491,76.636,76.726
00.000,-00.94,25.830,45.457,56.994,63.965,68.179,70.847,72.820,73.983,74.664,75.063,75.298,75.442,75.532
00.000,-08.66,41.534,66.843,78.072,85.696,90.338,93.147,94.846,95.874,96.496,96.872,97.100,97.238,97.321
00.000,-10.48,40.986,62.133,76.157,84.009,88.653,91.462,93.162,94.190,94.812,95.188,95.416,95.553,95.637
00.000,-11.22,39.643,61.527,74.085,82.423,87.171,89.981,91.683,92.711,93.333,93.709,93.937,94.075,94.158
00.000,-11.48,30.886,60.941,73.580,79.975,85.870,88.691,90.395,91.424,92.046,92.422,92.650,92.787,92.871
00.000,-04.20,30.810,50.055,71.534,78.898,84.693,87.513,89.221,90.250,90.872,91.248,91.476,91.613,91.697
00.000,-02.89,31.638,49.490,63.351,77.349,83.376,86.198,87.910,88.939,89.561,89.937,90.164,90.302,90.385
00.000,-02.53,33.398,50.522,63.727,78.012,83.432,86.322,88.037,89.066,89.688,90.064,90.291,90.429,90.512
00.000,-03.81,31.906,49.205,62.382,76.410,81.881,84.764,86.480,87.509,88.131,88.507,88.734,88.872,88.955
00.000,-03.59,24.582,48.131,61.259,75.038,80.531,83.405,85.123,86.152,86.774,87.150,87.377,87.515,87.598
00.000,-03.55,23.417,47.204,60.792,73.327,79.353,82.234,83.952,84.981,85.602,85.978,86.205,86.343,86.426
00.000,-03.58,16.911,46.387,59.586,72.307,78.295,81.164,82.883,83.911,84.532,84.907,85.134,85.272,85.355
00.000,-00.56,17.527,44.962,58.465,71.141,77.101,79.961,81.679,82.707,83.327,83.703,83.930,84.067,84.150
00.000,00.578,18.209,46.017,58.402,71.341,77.330,80.362,82.080,83.105,83.723,84.097,84.323,84.460,84.543
00.000,-10.59,17.236,44.413,57.186,69.378,75.781,78.888,80.604,81.629,82.247,82.621,82.847,82.984,83.067
00.000,-06.24,21.665,45.531,57.829,65.469,74.215,77.615,79.341,80.369,80.986,81.359,81.584,81.721,81.803
00.000,-05.77,23.074,45.653,57.958,65.164,71.577,76.515,78.262,79.293,79.909,80.281,80.506,80.642,80.724
00.000,-03.94,28.561,46.602,57.402,64.868,69.185,75.527,77.277,78.310,78.925,79.296,79.521,79.657,79.739
00.000,-03.98,30.179,47.674,58.446,65.853,69.944,73.001,76.054,77.198,77.812,78.183,78.407,78.543,78.625
00.000,-02.41,30.356,47.985,59.714,66.890,70.998,73.909,76.750,77.829,78.486,78.860,79.085,79.221,79.303
00.000,-05.16,27.864,46.962,58.564,65.651,69.748,72.621,75.345,76.425,77.083,77.460,77.684,77.820,77.902
00.000,-01.12,28.590,46.885,58.298,65.280,69.478,72.185,74.263,75.391,76.091,76.487,76.720,76.864,76.953
00.000,-01.26,28.426,46.901,58.288,65.256,69.466,72.148,74.148,75.305,75.987,76.385,76.619,76.764,76.854
00.000,-01.17,24.921,46.017,57.392,64.356,68.567,71.243,73.234,74.392,75.074,75.473,75.707,75.851,75.941
00.000,-00.91,25.391,43.205,56.273,63.329,67.541,70.210,72.190,73.349,74.032,74.431,74.665,74.809,74.899
00.000,00.000,00.000,00.000,00.000,00.000,00.000,00.000,00.000,00.000,00.000,00.000,00.000,00.000,00.000
00.000,-12.95,47.287,62.749,71.478,81.509,86.172,88.982,90.682,91.710,92.332,92.708,92.936,93.073,93.157
00.000,-13.04,38.680,61.753,70.565,81.022,85.844,88.665,90.366,91.395,92.017,92.393,92.621,92.758,92.842
00.000,-12.50,30.974,60.789,69.977,79.053,84.695,87.611,89.316,90.344,90.966,91.342,91.570,91.708,91.791
00.000,00.000,00.000,00.000,00.000,00.000,00.000,00.000,00.000,00.000,00.000,00.000,00.000,00.000,00.000
00.000,-02.83,32.362,48.672,61.162,76.222,82.199,85.020,86.731,87.760,88.382,88.758,88.986,89.124,89.207
00.000,00.000,00.000,00.000,00.000,00.000,00.000,00.000,00.000,00.000,00.000,00.000,00.000,00.000,00.000
00.000,-04.78,29.398,47.498,60.428,73.206,79.501,82.380,84.097,85.126,85.747,86.123,86.351,86.489,86.572
00.000,-03.31,24.526,46.811,60.185,73.703,79.284,82.171,83.888,84.917,85.539,85.915,86.142,86.280,86.363
00.000,-03.28,24.770,45.952,59.792,72.385,78.199,81.222,82.940,83.969,84.590,84.966,85.193,85.331,85.414
00.000,00.000,00.000,00.000,00.000,00.000,00.000,00.000,00.000,00.000,00.000,00.000,00.000,00.000,00.000
00.000,-00.83,16.908,44.197,56.966,70.055,76.005,78.861,80.579,81.606,82.227,82.602,82.829,82.967,83.050
00.000,00.000,00.000,00.000,00.000,00.000,00.000,00.000,00.000,00.000,00.000,00.000,00.000,00.000,00.000
00.000,-12.71,15.180,43.147,55.845,67.265,72.593,76.587,78.304,79.329,79.947,80.321,80.547,80.684,80.767
00.000,-07.02,15.555,44.436,56.754,64.713,71.942,76.439,78.178,79.206,79.823,80.196,80.421,80.558,80.641
00.000,-05.80,15.095,44.668,56.949,64.222,70.687,75.427,77.311,78.342,78.958,79.330,79.555,79.691,79.774
00.000,00.000,00.000,00.000,00.000,00.000,00.000,00.000,00.000,00.000,00.000,00.000,00.000,00.000,00.000
00.000,00.331,31.315,48.761,59.413,65.848,69.753,72.232,74.048,76.166,76.780,77.151,77.375,77.511,77.593
00.000,00.000,00.000,00.000,00.000,00.000,00.000,00.000,00.000,00.000,00.000,00.000,00.000,00.000,00.000
00.000,-01.98,30.111,47.717,58.356,64.804,68.764,71.240,73.128,74.223,74.927,75.312,75.539,75.675,75.757
00.000,-01.24,27.808,46.871,57.605,64.140,68.509,71.185,73.229,74.357,75.055,75.451,75.683,75.826,75.915
00.000,-01.26,26.974,46.026,56.894,64.247,68.474,71.150,73.147,74.302,74.986,75.384,75.618,75.762,75.851
00.000,00.000,00.000,00.000,00.000,00.000,00.000,00.000,00.000,00.000,00.000,00.000,00.000,00.000,00.000
00.000,01.396,26.347,43.790,54.433,62.355,66.569,69.232,71.204,72.363,73.046,73.445,73.679,73.823,73.913
00.000,29.123,52.211,66.620,75.338,84.091,88.471,91.116,92.717,93.685,94.271,94.626,94.840,94.970,95.048
00.000,-08.77,50.693,65.207,73.926,82.792,87.200,89.862,91.473,92.447,93.037,93.394,93.609,93.740,93.819
00.000,-13.20,40.844,62.901,71.635,80.620,85.067,87.744,89.363,90.342,90.934,91.293,91.510,91.641,91.720
00.000,-12.98,30.046,61.718,70.505,79.439,83.999,86.697,88.323,89.307,89.902,90.262,90.499,90.636,90.719
00.000,00.000,00.000,00.000,00.000,00.000,00.000,00.000,00.000,00.000,00.000,00.000,00.000,00.000,00.000
00.000,02.706,33.202,49.662,62.232,75.789,80.666,83.904,85.605,86.628,87.246,87.620,87.846,87.983,88.066
00.000,09.693,34.403,50.896,63.340,76.736,81.415,84.291,85.905,86.880,87.470,87.827,88.043,88.173,88.252
00.000,08.082,31.996,49.772,62.730,75.477,80.249,83.183,84.805,85.785,86.378,86.737,86.954,87.085,87.164
00.000,-03.13,28.116,47.741,60.620,73.426,78.279,81.196,82.826,83.810,84.405,84.766,84.983,85.115,85.195
00.000,-03.13,25.506,46.801,59.729,72.016,77.354,80.271,81.908,82.958,83.576,83.950,84.176,84.313,84.396
00.000,00.000,00.000,00.000,00.000,00.000,00.000,00.000,00.000,00.000,00.000,00.000,00.000,00.000,00.000
00.000,-01.08,25.178,45.184,57.984,69.573,74.751,77.876,79.587,80.611,81.230,81.604,81.831,81.968,82.051
00.000,01.285,27.100,46.370,59.038,70.450,75.727,78.692,80.357,81.357,81.960,82.326,82.547,82.680,82.761
00.000,-06.89,25.194,45.169,57.945,69.867,74.940,77.781,79.399,80.373,80.962,81.318,81.534,81.664,81.743
00.000,-06.61,18.622,43.292,56.069,67.415,72.825,75.827,77.458,78.437,79.028,79.386,79.603,79.734,79.813
00.000,-05.72,12.575,42.600,55.983,63.688,71.769,74.692,76.582,77.566,78.159,78.518,78.736,78.867,78.947
00.000,00.000,00.000,00.000,00.000,00.000,00.000,00.000,00.000,00.000,00.000,00.000,00.000,00.000,00.000
00.000,04.742,32.283,49.765,60.419,66.854,70.760,73.242,75.069,76.352,76.994,77.378,77.604,77.740,77.821
00.000,05.865,33.680,51.015,61.651,68.087,71.993,74.449,76.259,77.468,78.119,78.503,78.730,78.865,78.947
00.000,05.038,32.570,50.026,60.655,67.092,71.003,73.458,75.338,76.477,77.132,77.515,77.742,77.877,77.958
00.000,-01.61,30.102,47.945,58.583,65.030,68.985,71.459,73.348,74.486,75.145,75.530,75.757,75.893,75.975
00.000,-01.32,26.481,46.953,57.624,64.127,68.138,70.627,72.518,73.657,74.319,74.705,74.933,75.069,75.152
00.000,00.000,00.000,00.000,00.000,00.000,00.000,00.000,00.000,00.000,00.000,00.000,00.000,00.000,00.000
00.000,01.456,27.255,44.732,55.376,61.813,65.719,68.156,70.230,71.389,72.073,72.472,72.706,72.850,72.940
00.000,25.138,51.067,65.477,74.195,83.610,87.983,90.628,92.229,93.197,93.783,94.138,94.352,94.482,94.560
00.000,-00.96,51.165,65.586,74.304,83.579,87.956,90.603,92.205,93.174,93.760,94.115,94.330,94.459,94.538
00.000,-01.43,43.270,64.288,73.056,82.215,86.600,89.250,90.854,91.824,92.411,92.766,92.980,93.110,93.189
00.000,-12.41,29.558,62.059,70.873,79.926,84.333,86.988,88.594,89.565,90.153,90.509,90.726,90.856,90.935
00.000,00.000,00.000,00.000,00.000,00.000,00.000,00.000,00.000,00.000,00.000,00.000,00.000,00.000,00.000
00.000,02.006,31.215,48.807,63.105,76.954,81.726,84.411,86.012,86.980,87.566,87.921,88.135,88.265,88.344
00.000,02.832,32.118,49.901,63.599,76.859,81.504,84.332,85.933,86.901,87.487,87.842,88.057,88.186,88.265
00.000,09.767,32.990,51.087,64.006,76.728,81.497,84.334,85.938,86.908,87.494,87.850,88.064,88.194,88.273
00.000,08.498,29.919,49.951,62.742,75.430,80.204,83.046,84.652,85.623,86.211,86.567,86.782,86.912,86.991
00.000,-02.93,25.889,47.876,60.669,72.949,78.004,80.849,82.458,83.437,84.028,84.385,84.601,84.732,84.811
00.000,00.000,00.000,00.000,00.000,00.000,00.000,00.000,00.000,00.000,00.000,00.000,00.000,00.000,00.000
00.000,-01.34,24.422,44.678,58.815,70.982,75.708,78.502,80.104,81.073,81.660,82.014,82.229,82.359,82.437
00.000,-03.55,26.116,45.321,58.892,70.975,75.726,78.519,80.121,81.090,81.677,82.031,82.246,82.376,82.454
00.000,-04.49,26.451,45.578,59.542,71.204,76.190,78.996,80.606,81.576,82.163,82.518,82.733,82.863,82.942
00.000,-05.61,20.372,44.608,58.110,69.859,74.939,77.766,79.380,80.352,80.939,81.294,81.509,81.639,81.718
00.000,-06.66,14.514,42.690,56.028,67.336,72.761,75.596,77.240,78.212,78.800,79.156,79.371,79.501,79.580
00.000,00.000,00.000,00.000,00.000,00.000,00.000,00.000,00.000,00.000,00.000,00.000,00.000,00.000,00.000
00.000,01.010,29.899,48.910,59.716,66.152,70.059,72.788,74.841,75.897,76.491,76.884,77.108,77.242,77.323
00.000,05.334,32.527,50.125,60.760,67.196,71.102,73.584,75.586,76.713,77.360,77.740,77.966,78.100,78.181
00.000,06.350,33.726,51.184,61.812,68.248,72.154,74.610,76.509,77.640,78.294,78.676,78.902,79.037,79.119
00.000,05.491,32.417,50.023,60.652,67.088,70.999,73.454,75.348,76.478,77.134,77.517,77.743,77.878,77.959
00.000,-01.65,30.074,47.808,58.556,64.999,68.919,71.374,73.264,74.395,75.051,75.434,75.661,75.796,75.877
00.000,00.000,00.000,00.000,00.000,00.000,00.000,00.000,00.000,00.000,00.000,00.000,00.000,00.000,00.000
00.000,01.513,28.175,45.686,56.332,62.768,66.675,69.115,71.048,72.186,72.836,73.218,73.444,73.579,73.660
00.000,17.167,49.926,64.336,77.632,84.860,89.232,91.877,93.478,94.446,95.032,95.386,95.601,95.731,95.809
00.000,00.000,00.000,00.000,00.000,00.000,00.000,00.000,00.000,00.000,00.000,00.000,00.000,00.000,00.000
00.000,06.728,45.144,64.429,73.632,82.734,87.113,89.761,91.363,92.332,92.919,93.274,93.488,93.618,93.697
00.000,04.623,29.898,63.176,72.395,81.391,85.837,88.485,90.087,91.057,91.643,91.998,92.213,92.343,92.422
00.000,03.686,27.008,60.723,70.274,79.157,83.653,86.301,87.903,88.873,89.459,89.814,90.029,90.159,90.237
00.000,02.068,28.465,49.217,68.703,78.128,82.920,85.588,87.189,88.158,88.744,89.098,89.313,89.443,89.521
00.000,02.288,29.370,48.942,69.367,78.026,82.642,85.488,87.089,88.057,88.643,88.998,89.212,89.342,89.421
00.000,00.000,00.000,00.000,00.000,00.000,00.000,00.000,00.000,00.000,00.000,00.000,00.000,00.000,00.000
00.000,12.035,30.808,51.150,63.931,76.265,80.966,83.793,85.396,86.366,86.953,87.308,87.523,87.653,87.732
00.000,10.287,27.317,49.917,62.684,74.972,79.707,82.532,84.136,85.107,85.694,86.049,86.264,86.394,86.473
00.000,01.045,25.555,47.855,60.596,72.836,77.570,80.392,81.995,82.966,83.553,83.908,84.123,84.253,84.332
00.000,00.703,24.922,46.939,59.843,72.074,76.796,79.593,81.195,82.164,82.750,83.105,83.320,83.450,83.528
00.000,-01.79,24.612,46.973,59.859,72.039,76.762,79.554,81.156,82.125,82.711,83.066,83.280,83.410,83.489
00.000,00.000,00.000,00.000,00.000,00.000,00.000,00.000,00.000,00.000,00.000,00.000,00.000,00.000,00.000
00.000,02.695,20.930,46.098,59.229,70.377,75.718,78.545,80.168,81.139,81.727,82.082,82.297,82.427,82.505
00.000,-03.27,15.538,44.880,57.992,69.086,74.470,77.298,78.923,79.895,80.482,80.838,81.053,81.183,81.261
00.000,-03.65,12.812,42.849,56.657,63.110,72.356,75.181,76.808,77.779,78.367,78.722,78.937,79.067,79.146
00.000,00.524,13.939,47.512,58.746,65.184,69.101,74.106,75.775,76.823,77.410,77.765,77.980,78.110,78.188
00.000,01.174,29.640,48.939,59.639,66.075,69.982,72.738,75.848,76.863,77.450,77.805,78.020,78.151,78.230
00.000,00.000,00.000,00.000,00.000,00.000,00.000,00.000,00.000,00.000,00.000,00.000,00.000,00.000,00.000
00.000,06.384,33.530,50.980,61.613,68.049,71.957,74.409,76.360,77.483,78.136,78.519,78.745,78.880,78.961
00.000,03.967,32.288,49.736,60.382,66.818,70.727,73.176,75.124,76.247,76.901,77.283,77.509,77.644,77.725
00.000,02.321,30.239,47.654,58.299,64.736,68.643,71.090,73.039,74.161,74.815,75.197,75.423,75.558,75.639
00.000,02.001,29.106,46.652,57.299,63.736,67.643,70.086,72.032,73.169,73.819,74.201,74.426,74.561,74.642
00.000,14.158,49.717,66.352,78.894,86.121,90.494,93.139,94.740,95.708,96.294,96.648,96.863,96.992,97.071
00.000,12.352,47.370,64.169,76.548,83.776,88.148,90.794,92.394,93.363,93.948,94.303,94.517,94.647,94.725
00.000,05.580,46.091,63.275,72.952,82.629,87.002,89.648,91.248,92.217,92.803,93.157,93.371,93.501,93.580
00.000,05.865,29.184,63.351,73.149,81.860,86.880,89.526,91.127,92.095,92.681,93.036,93.250,93.380,93.459
00.000,06.665,28.449,59.649,71.922,80.501,85.411,88.057,89.658,90.627,91.213,91.567,91.782,91.912,91.990
00.000,07.432,29.320,50.579,70.560,79.188,84.046,86.694,88.295,89.263,89.849,90.204,90.418,90.548,90.627
00.000,03.530,30.271,51.639,70.583,79.189,83.785,86.656,88.257,89.226,89.812,90.166,90.381,90.511,90.589
00.000,01.964,25.637,49.438,68.275,76.923,81.513,84.361,85.962,86.930,87.516,87.871,88.085,88.215,88.294
00.000,11.374,27.433,50.073,63.440,75.887,80.482,83.313,84.914,85.882,86.468,86.823,87.037,87.167,87.246
00.000,11.767,27.832,50.196,63.427,75.813,80.465,83.281,84.883,85.851,86.438,86.792,87.007,87.137,87.215
00.000,01.244,26.874,48.960,62.072,74.400,79.092,81.899,83.500,84.469,85.055,85.410,85.625,85.754,85.833
00.000,00.413,25.973,47.798,60.796,73.088,77.809,80.605,82.207,83.176,83.762,84.116,84.331,84.461,84.539
00.000,-02.27,26.334,47.956,60.911,73.139,77.862,80.656,82.257,83.226,83.812,84.167,84.381,84.511,84.590
00.000,-03.54,13.967,45.859,58.750,70.922,75.648,78.439,80.040,81.009,81.596,81.950,82.165,82.295,82.373
00.000,02.103,15.715,45.197,58.263,69.443,74.735,77.579,79.201,80.172,80.759,81.114,81.329,81.459,81.538
00.000,02.679,15.636,45.319,58.361,69.428,74.819,77.656,79.277,80.248,80.835,81.190,81.405,81.535,81.614
00.000,02.412,14.076,44.086,57.415,63.984,73.539,76.369,77.990,78.961,79.548,79.903,80.118,80.248,80.327
00.000,02.446,12.570,47.335,58.617,65.075,69.092,75.132,76.759,77.737,78.324,78.679,78.894,79.024,79.103
00.000,02.618,15.604,48.868,59.633,66.071,70.101,74.980,76.896,77.908,78.494,78.850,79.065,79.196,79.275
00.000,01.456,28.303,47.393,58.164,64.603,68.523,71.242,74.758,75.765,76.352,76.707,76.922,77.054,77.133
00.000,03.362,32.116,49.695,60.343,66.779,70.687,73.163,75.272,76.383,77.030,77.409,77.634,77.769,77.850
00.000,03.910,32.425,49.856,60.502,66.938,70.846,73.295,75.377,76.488,77.136,77.516,77.741,77.876,77.957
00.000,-00.94,31.199,48.622,59.275,65.711,69.619,72.067,74.123,75.235,75.883,76.264,76.489,76.624,76.705
00.000,00.132,28.507,47.432,58.103,64.540,68.446,70.893,72.927,74.040,74.689,75.071,75.296,75.431,75.512
00.000,19.613,49.975,67.286,79.152,86.379,90.751,93.397,94.997,95.966,96.551,96.906,97.120,97.250,97.329
00.000,11.927,48.274,65.617,77.464,84.694,89.067,91.712,93.313,94.281,94.867,95.221,95.436,95.566,95.644
00.000,04.961,46.642,64.092,75.723,83.214,87.588,90.234,91.834,92.802,93.388,93.743,93.957,94.087,94.165
00.000,05.202,30.264,62.770,74.246,81.845,86.301,88.946,90.547,91.515,92.101,92.456,92.670,92.800,92.878
00.000,05.697,29.215,61.424,72.931,80.622,85.127,87.772,89.373,90.341,90.927,91.281,91.496,91.626,91.704
00.000,08.319,30.109,51.460,70.570,79.273,83.815,86.461,88.061,89.030,89.615,89.970,90.184,90.314,90.393
00.000,08.669,30.452,51.746,70.712,79.371,83.917,86.587,88.188,89.156,89.742,90.097,90.311,90.441,90.520
00.000,02.047,26.701,49.409,68.486,77.791,82.341,85.031,86.631,87.600,88.186,88.540,88.754,88.884,88.963
00.000,09.916,26.730,49.107,62.964,76.411,80.968,83.673,85.274,86.242,86.828,87.182,87.397,87.527,87.605
00.000,09.429,26.991,49.084,62.307,74.754,79.785,82.501,84.101,85.070,85.656,86.010,86.225,86.355,86.433
00.000,00.081,26.333,48.189,61.332,73.716,78.704,81.430,83.030,83.999,84.585,84.939,85.154,85.284,85.362
00.000,-00.03,25.585,47.260,60.030,72.539,77.493,80.225,81.826,82.794,83.380,83.735,83.949,84.079,84.158
00.000,-03.95,26.193,47.629,60.877,73.083,77.831,80.616,82.217,83.186,83.772,84.127,84.341,84.471,84.550
00.000,-05.72,13.993,46.497,59.444,71.608,76.356,79.140,80.741,81.710,82.296,82.651,82.865,82.995,83.074
00.000,01.410,14.592,44.443,58.191,70.260,75.082,77.872,79.476,80.446,81.032,81.386,81.601,81.731,81.809
00.000,02.541,15.083,44.244,57.332,68.093,73.978,76.790,78.396,79.366,79.952,80.307,80.521,80.651,80.730
00.000,02.399,14.485,43.357,56.444,63.989,72.989,75.802,77.410,78.379,78.966,79.321,79.535,79.665,79.744
00.000,02.466,12.536,42.831,58.332,64.973,69.011,74.683,76.294,77.265,77.851,78.206,78.421,78.551,78.629
00.000,02.963,13.568,48.283,59.618,66.078,70.124,75.165,76.961,77.937,78.523,78.879,79.093,79.225,79.304
00.000,-04.16,14.756,46.576,58.355,64.812,68.839,73.564,75.551,76.530,77.117,77.473,77.688,77.821,77.900
00.000,-03.87,29.540,47.721,59.243,65.682,69.601,72.296,74.494,75.489,76.083,76.495,76.719,76.853,76.934
00.000,-02.00,31.132,48.629,59.368,65.805,69.713,72.186,74.268,75.366,76.009,76.393,76.618,76.752,76.833
00.000,-01.70,30.094,47.746,58.474,64.911,68.818,71.285,73.352,74.453,75.096,75.480,75.705,75.840,75.921
00.000,-01.59,27.859,46.598,57.453,63.889,67.796,70.257,72.308,73.410,74.055,74.438,74.663,74.798,74.879
00.000,00.000,00.000,00.000,00.000,00.000,00.000,00.000,00.000,00.000,00.000,00.000,00.000,00.000,00.000
00.000,03.025,45.637,63.116,74.958,82.212,86.587,89.233,90.833,91.801,92.387,92.742,92.956,93.086,93.164
00.000,04.339,44.031,61.964,74.422,81.880,86.272,88.917,90.518,91.486,92.072,92.426,92.641,92.771,92.849
00.000,02.554,31.024,60.740,73.202,80.670,85.221,87.867,89.467,90.435,91.021,91.376,91.590,91.720,91.798
00.000,00.000,00.000,00.000,00.000,00.000,00.000,00.000,00.000,00.000,00.000,00.000,00.000,00.000,00.000
00.000,08.849,34.628,51.188,60.918,78.096,82.636,85.282,86.883,87.851,88.437,88.791,89.006,89.136,89.214
00.000,00.000,00.000,00.000,00.000,00.000,00.000,00.000,00.000,00.000,00.000,00.000,00.000,00.000,00.000
00.000,00.450,33.431,50.141,59.886,75.403,79.956,82.647,84.248,85.216,85.802,86.157,86.371,86.501,86.579
00.000,05.450,26.768,49.394,59.169,75.138,79.734,82.438,84.039,85.007,85.593,85.947,86.162,86.292,86.370
00.000,05.332,26.320,48.618,58.486,73.798,78.775,81.489,83.090,84.058,84.644,84.998,85.213,85.343,85.421
00.000,00.000,00.000,00.000,00.000,00.000,00.000,00.000,00.000,00.000,00.000,00.000,00.000,00.000,00.000
00.000,-01.29,24.879,47.127,57.223,71.444,76.393,79.124,80.725,81.694,82.280,82.634,82.849,82.978,83.057
00.000,00.000,00.000,00.000,00.000,00.000,00.000,00.000,00.000,00.000,00.000,00.000,00.000,00.000,00.000
00.000,-07.10,12.457,45.848,56.990,69.288,74.054,76.839,78.441,79.410,79.996,80.351,80.566,80.695,80.774
00.000,-08.10,14.044,45.117,56.263,68.999,73.902,76.709,78.313,79.283,79.869,80.224,80.438,80.568,80.647
00.000,-09.50,14.481,44.299,55.526,67.232,72.857,75.839,77.445,78.415,79.001,79.356,79.571,79.700,79.779
00.000,00.000,00.000,00.000,00.000,00.000,00.000,00.000,00.000,00.000,00.000,00.000,00.000,00.000,00.000
00.000,-01.94,12.031,41.872,55.725,63.990,68.024,73.651,75.262,76.233,76.819,77.174,77.389,77.519,77.597
00.000,00.000,00.000,00.000,00.000,00.000,00.000,00.000,00.000,00.000,00.000,00.000,00.000,00.000,00.000
00.000,-13.48,14.566,44.412,56.386,62.841,66.854,71.342,73.344,74.326,74.914,75.275,75.491,75.640,75.724
00.000,-10.03,27.380,46.421,58.076,64.516,68.442,71.291,73.450,74.453,75.051,75.454,75.678,75.814,75.895
00.000,-10.71,29.874,47.505,58.342,64.779,68.689,71.200,73.279,74.367,75.005,75.391,75.616,75.751,75.832
00.000,00.000,00.000,00.000,00.000,00.000,00.000,00.000,00.000,00.000,00.000,00.000,00.000,00.000,00.000
00.000,-01.58,-02.53,45.633,56.483,62.920,66.826,69.284,71.321,72.424,73.069,73.453,73.678,73.813,73.894
00.000,01.187,30.268,61.089,74.396,81.662,86.040,88.685,90.286,91.254,91.840,92.194,92.409,92.539,92.617
00.000,-04.87,42.662,61.665,73.656,80.928,85.306,87.952,89.552,90.521,91.106,91.461,91.675,91.805,91.883
00.000,-05.99,40.747,59.670,72.187,79.620,84.024,86.670,88.270,89.238,89.824,90.179,90.393,90.523,90.601
00.000,01.451,31.317,57.856,72.039,79.492,84.025,86.671,88.271,89.239,89.825,90.180,90.394,90.524,90.602
00.000,00.000,00.000,00.000,00.000,00.000,00.000,00.000,00.000,00.000,00.000,00.000,00.000,00.000,00.000
00.000,09.137,35.602,52.195,61.927,69.884,81.396,84.119,85.722,86.690,87.276,87.631,87.845,87.975,88.053
00.000,11.198,36.725,53.428,63.160,70.179,80.778,84.127,85.745,86.714,87.300,87.654,87.868,87.998,88.077
00.000,10.126,36.420,52.440,62.183,68.432,78.896,82.960,84.576,85.545,86.131,86.485,86.700,86.829,86.908
00.000,06.284,33.728,50.382,60.152,66.289,77.581,80.421,82.546,83.517,84.103,84.457,84.672,84.801,84.880
00.000,05.507,32.294,49.496,59.381,65.466,77.651,80.378,82.036,83.005,83.591,83.945,84.160,84.289,84.368
00.000,00.000,00.000,00.000,00.000,00.000,00.000,00.000,00.000,00.000,00.000,00.000,00.000,00.000,00.000
00.000,-03.18,30.093,48.089,58.189,66.143,75.285,78.048,79.711,80.685,81.271,81.626,81.840,81.970,82.048
00.000,-04.46,30.403,48.499,59.386,66.617,75.105,78.139,80.306,81.317,81.906,82.261,82.475,82.605,82.684
00.000,-06.07,27.864,48.102,59.258,66.342,73.088,77.049,79.163,80.215,80.804,81.159,81.373,81.503,81.582
00.000,-08.76,24.448,46.069,57.220,64.362,71.809,74.745,77.175,78.254,78.844,79.199,79.413,79.543,79.622
00.000,-24.14,22.571,45.129,56.381,63.490,71.814,74.788,76.484,77.466,78.053,78.407,78.622,78.752,78.830
00.000,00.000,00.000,00.000,00.000,00.000,00.000,00.000,00.000,00.000,00.000,00.000,00.000,00.000,00.000
00.000,-02.15,12.243,43.709,56.708,64.475,68.792,72.737,74.392,76.113,76.879,77.320,77.566,77.709,77.792
00.000,-01.65,17.405,44.965,57.976,65.647,69.977,73.757,75.594,77.192,77.990,78.438,78.688,78.832,78.916
00.000,-13.10,16.323,43.476,56.847,64.464,68.783,72.682,74.590,76.171,76.994,77.444,77.695,77.839,77.923
00.000,-13.53,24.749,44.258,56.125,62.683,66.647,70.573,72.729,74.123,75.021,75.467,75.715,75.859,75.943
00.000,-11.16,28.487,46.278,57.226,63.676,67.591,70.253,72.330,73.452,74.119,74.650,74.897,75.039,75.123
00.000,00.000,00.000,00.000,00.000,00.000,00.000,00.000,00.000,00.000,00.000,00.000,00.000,00.000,00.000
00.000,-01.58,-02.53,44.679,55.526,61.962,65.868,68.323,70.347,71.736,72.550,73.007,73.261,73.406,73.490
00.000,00.705,28.238,55.041,73.230,80.498,84.876,87.521,89.122,90.090,90.676,91.030,91.245,91.374,91.453
00.000,-03.41,30.060,60.770,73.558,80.838,85.216,87.861,89.462,90.430,91.016,91.370,91.585,91.715,91.793
00.000,-05.82,30.577,57.858,72.269,79.635,84.016,86.662,88.262,89.230,89.816,90.171,90.385,90.515,90.593
00.000,-06.58,29.374,49.135,69.627,77.393,81.982,84.627,86.228,87.196,87.782,88.136,88.351,88.480,88.559
00.000,00.000,00.000,00.000,00.000,00.000,00.000,00.000,00.000,00.000,00.000,00.000,00.000,00.000,00.000
00.000,09.166,35.483,51.498,61.239,67.760,80.186,82.973,84.577,85.545,86.131,86.485,86.700,86.830,86.908
00.000,11.687,36.591,52.543,62.283,68.554,79.685,82.992,84.609,85.577,86.163,86.518,86.732,86.862,86.940
00.000,13.560,37.714,53.597,63.340,69.515,79.582,83.133,84.749,85.717,86.303,86.658,86.872,87.002,87.080
00.000,07.309,36.443,52.445,62.206,68.341,78.170,81.825,83.497,84.490,85.077,85.431,85.645,85.775,85.854
00.000,00.967,34.143,50.371,60.275,66.357,73.381,79.703,81.374,82.385,82.973,83.327,83.542,83.672,83.750
00.000,00.000,00.000,00.000,00.000,00.000,00.000,00.000,00.000,00.000,00.000,00.000,00.000,00.000,00.000
00.000,03.566,31.030,49.011,59.017,65.205,71.525,76.984,78.698,79.680,80.266,80.621,80.835,80.965,81.044
00.000,-04.18,30.212,49.112,59.233,66.520,72.185,77.063,79.188,80.241,80.831,81.186,81.400,81.530,81.608
00.000,-20.27,30.251,49.284,60.490,67.578,73.085,77.138,79.389,80.856,81.454,81.809,82.024,82.153,82.232
00.000,-23.96,24.104,48.080,59.317,66.434,72.064,76.028,78.281,79.694,80.295,80.650,80.865,80.994,81.073
00.000,-26.73,21.885,45.973,57.234,64.367,69.492,74.076,76.258,77.618,78.221,78.576,78.791,78.921,78.999
00.000,00.000,00.000,00.000,00.000,00.000,00.000,00.000,00.000,00.000,00.000,00.000,00.000,00.000,00.000
00.000,-08.04,11.913,43.157,55.507,63.600,68.082,71.959,74.337,75.659,76.338,76.800,77.045,77.186,77.269
00.000,-09.88,12.401,43.902,55.814,64.538,68.904,72.741,75.060,76.419,77.220,77.661,77.909,78.052,78.135
00.000,-12.36,13.566,43.787,56.238,64.640,69.164,73.710,75.999,77.337,78.154,78.603,78.855,78.999,79.083
00.000,-13.97,14.531,43.212,55.267,63.689,69.109,72.567,74.835,76.175,77.001,77.450,77.702,77.846,77.930
00.000,-14.59,25.098,44.020,55.084,61.750,67.202,70.586,72.789,74.114,74.923,75.382,75.635,75.779,75.863
00.000,00.000,00.000,00.000,00.000,00.000,00.000,00.000,00.000,00.000,00.000,00.000,00.000,00.000,00.000
00.000,-01.58,-02.53,39.130,54.581,61.017,64.922,69.266,71.402,72.718,73.532,73.987,74.241,74.386,74.470
00.000,00.713,34.601,55.463,68.085,79.306,83.684,86.330,87.930,88.898,89.484,89.839,90.053,90.183,90.261
00.000,00.000,00.000,00.000,00.000,00.000,00.000,00.000,00.000,00.000,00.000,00.000,00.000,00.000,00.000
00.000,-04.56,32.998,50.678,71.582,79.593,83.977,86.622,88.223,89.191,89.777,90.132,90.346,90.476,90.554
00.000,-04.69,32.707,50.258,65.051,78.317,82.722,85.367,86.968,87.936,88.522,88.876,89.091,89.220,89.299
00.000,-05.68,32.250,48.552,58.795,76.089,80.492,83.137,84.738,85.706,86.292,86.646,86.861,86.990,87.069
00.000,-02.21,34.381,50.533,60.302,67.487,79.532,82.191,83.792,84.760,85.346,85.701,85.915,86.045,86.123
00.000,-00.62,35.470,51.422,61.164,67.527,79.239,81.888,83.508,84.477,85.063,85.417,85.632,85.761,85.840
00.000,00.000,00.000,00.000,00.000,00.000,00.000,00.000,00.000,00.000,00.000,00.000,00.000,00.000,00.000
00.000,07.521,36.983,53.479,63.390,69.474,76.523,81.848,83.521,84.731,85.325,85.679,85.894,86.024,86.102
00.000,07.193,35.066,52.330,62.249,68.327,75.076,80.609,82.291,83.498,84.098,84.453,84.668,84.797,84.876
00.000,05.799,33.066,50.334,60.259,66.332,72.803,78.420,80.110,81.333,81.940,82.295,82.509,82.639,82.718
00.000,04.647,32.119,49.983,59.979,66.034,70.899,77.387,79.085,80.295,80.958,81.314,81.529,81.659,81.737
00.000,-03.28,31.288,50.092,60.095,66.146,70.553,76.154,78.940,80.268,80.925,81.281,81.496,81.626,81.704
00.000,00.000,00.000,00.000,00.000,00.000,00.000,00.000,00.000,00.000,00.000,00.000,00.000,00.000,00.000
00.000,-22.37,23.029,48.285,59.980,67.545,72.616,76.925,79.090,80.454,81.077,81.434,81.649,81.778,81.857
00.000,-25.40,19.708,47.269,58.868,66.395,71.407,75.752,77.910,79.265,79.892,80.249,80.463,80.593,80.672
00.000,-23.36,11.082,45.322,56.877,64.404,69.355,73.699,75.850,77.198,77.829,78.187,78.401,78.531,78.609
00.000,-01.69,12.325,44.245,56.417,64.098,68.742,73.147,75.274,76.594,77.254,77.614,77.829,77.959,78.037
00.000,-00.93,12.797,45.148,56.756,64.207,68.768,73.194,75.320,76.634,77.301,77.662,77.877,78.006,78.085
00.000,00.000,00.000,00.000,00.000,00.000,00.000,00.000,00.000,00.000,00.000,00.000,00.000,00.000,00.000
00.000,-12.75,16.237,43.178,55.452,65.031,70.362,73.703,75.914,77.238,78.055,78.505,78.756,78.900,78.984
00.000,-16.66,16.351,42.879,54.090,63.829,69.224,72.557,74.757,76.079,76.895,77.347,77.599,77.743,77.827
00.000,-19.96,14.396,40.899,52.288,61.600,67.242,70.563,72.752,74.072,74.889,75.342,75.594,75.738,75.822
00.000,-17.50,-00.70,40.014,52.847,60.246,66.988,70.255,72.396,73.713,74.526,74.980,75.234,75.378,75.463
00.000,01.197,35.755,56.618,69.240,80.174,84.566,87.212,88.812,89.781,90.367,90.721,90.935,91.065,91.144
00.000,-04.88,33.404,54.266,66.888,77.787,82.181,84.827,86.428,87.396,87.982,88.336,88.551,88.680,88.759
00.000,-03.64,32.750,50.443,66.404,78.356,82.742,85.387,86.988,87.956,88.542,88.896,89.111,89.240,89.319
00.000,-03.48,33.744,51.437,66.123,78.469,82.857,85.502,87.103,88.071,88.657,89.011,89.226,89.355,89.434
00.000,-03.76,32.503,50.212,64.333,77.169,81.558,84.204,85.804,86.773,87.359,87.713,87.927,88.057,88.136
00.000,-01.94,33.529,50.447,60.478,75.083,80.312,82.959,84.559,85.528,86.114,86.468,86.682,86.812,86.891
00.000,00.127,34.434,51.434,61.507,71.588,80.338,82.985,84.588,85.556,86.142,86.497,86.711,86.841,86.919
00.000,-01.77,33.062,50.096,60.191,66.245,78.006,80.653,82.256,83.224,83.810,84.164,84.379,84.509,84.587
00.000,06.446,35.286,52.303,62.406,68.461,73.334,79.800,82.378,83.581,84.181,84.536,84.750,84.880,84.959
00.000,07.521,36.113,53.280,63.314,69.367,74.018,80.556,82.335,83.738,84.403,84.759,84.973,85.103,85.182
00.000,07.157,34.853,52.045,62.062,68.116,72.925,79.338,81.105,82.483,83.141,83.497,83.711,83.841,83.920
00.000,-02.34,33.641,50.921,60.930,66.984,71.755,78.154,79.911,81.266,81.924,82.280,82.494,82.624,82.703
00.000,-03.31,33.639,51.108,61.112,67.163,71.556,78.132,80.000,81.348,82.005,82.361,82.575,82.705,82.784
00.000,-04.75,31.433,48.908,58.912,64.963,69.314,75.860,77.725,79.068,79.724,80.080,80.295,80.425,80.503
00.000,-03.69,22.952,47.971,58.161,66.455,71.172,75.928,78.055,79.409,80.040,80.397,80.612,80.742,80.820
00.000,-03.77,21.083,48.189,59.520,67.414,72.034,76.540,78.662,79.986,80.643,81.003,81.217,81.347,81.426
00.000,-02.55,14.606,47.012,58.353,66.171,70.814,75.279,77.403,78.727,79.384,79.744,79.958,80.088,80.167
00.000,-02.35,12.797,45.854,57.276,65.044,69.674,74.109,76.234,77.554,78.214,78.574,78.789,78.919,78.997
00.000,-00.93,13.340,46.243,57.767,65.223,69.782,74.240,76.364,77.681,78.345,78.706,78.920,79.050,79.129
00.000,-02.04,11.658,44.062,55.601,63.022,67.574,72.003,74.128,75.442,76.110,76.471,76.685,76.815,76.894
00.000,-16.29,11.746,42.512,54.744,64.073,69.431,72.697,74.890,76.210,77.013,77.454,77.703,77.845,77.929
00.000,-17.19,12.989,43.058,56.198,64.980,70.344,73.603,75.750,77.067,77.877,78.328,78.580,78.724,78.808
00.000,-19.03,12.709,42.001,54.915,63.695,69.088,72.351,74.498,75.815,76.626,77.079,77.331,77.475,77.560
00.000,-17.28,-01.19,40.974,53.847,62.421,67.955,71.218,73.359,74.675,75.488,75.941,76.194,76.338,76.423